RAHUL,0.007204
AMIT,0.003602
ROHIT,0.002401
VIJAY,0.001801
SANDEEP,0.001441
SUNIL,0.001201
RAJESH,0.001030
PANKAJ,0.000900
ARUN,0.000800
VIKAS,0.000720
DEEPAK,0.000654
RAJEEV,0.000600
MANISH,0.000554
SANTOSH,0.000514
NAVEEN,0.000480
AJAY,0.000450
RAVI,0.000424
KUMAR,0.000400
SURESH,0.000379
GAURAV,0.000360
MOHIT,0.000343
SUMIT,0.000327
ABHISHEK,0.000313
ANKIT,0.000300
SAURABH,0.000288
HARSH,0.000277
AMAR,0.000267
RAKESH,0.000257
NITIN,0.000248
RAJAT,0.000240
YOGESH,0.000232
ANURAG,0.000225
ASHISH,0.000218
RITESH,0.000212
LOKESH,0.000206
PRADEEP,0.000200
RAJ,0.000195
SACHIN,0.000190
RISHABH,0.000185
AKASH,0.000180
ARJUN,0.000176
SAHIL,0.000172
TARUN,0.000168
HARSHIT,0.000164
ADITYA,0.000160
KUNAL,0.000157
RISHI,0.000153
SHIVAM,0.000150
VISHAL,0.000147
ANIKET,0.000144
SAMEER,0.000141
SHUBHAM,0.000138
PRAVEEN,0.000136
SAGAR,0.000133
SHASHANK,0.000131
NARESH,0.000129
JITENDRA,0.000127
LALIT,0.000125
RAVINDRA,0.000123
AMOL,0.000121
ARMAAN,0.000119
KARAN,0.000118
VIVEK,0.000116
HARISH,0.000114
ANAND,0.000113
RANJEET,0.000111
DEVESH,0.000110
RAVISH,0.000108
SHIV,0.000107
RAVIKANT,0.000105
PRANAV,0.000104
RAVINDER,0.000103
VIMAL,0.000101
MAHESH,0.000100
JAGDISH,0.000099
DINESH,0.000098
KAILASH,0.000097
MADAN,0.000096
SHANKAR,0.000095
MUKESH,0.000094
VINAY,0.000093
VIRENDRA,0.000092
KESHAV,0.000091
ANUPAM,0.000090
ANUP,0.000089
RAGHAV,0.000088
RAGHUNATH,0.000087
RAGHAVENDRA,0.000086
VISHNU,0.000085
KRISHNA,0.000084
GOPAL,0.000083
SHYAM,0.000082
BALAJI,0.000081
RAMESH,0.000080
JAYANT,0.000079
JAYESH,0.000078
JAY,0.000077
JAYDEEP,0.000076
JAYANTH,0.000075
JAYARAM,0.000074
JAYAPRAKASH,0.000073
JAYAKUMAR,0.000072
JAYASURYA,0.000071
JAYADEEP,0.000070
JAYAN,0.000069
JAYRAJ,0.000068
JAYVEER,0.000067
JAYVARDHAN,0.000066
JAYENDRA,0.000065
JAYAPAL,0.000064
JAYASIMHA,0.000063
JAYASANKAR,0.000062
JAYASHEEL,0.000061
JAYASUDHAN,0.000060
JAYASWAL,0.000059
JAYASRI,0.000058
ARAVIND,0.000057
ARAV,0.000056
ARHAN,0.000055
AARAV,0.000054
AARYAN,0.000053
AARUSH,0.000052
AAYAN,0.000051
ABHAY,0.000050
ABHINAV,0.000049
ABHIRAM,0.000048
ABID,0.000047
ABIR,0.000046
ADARSH,0.000045
ADHIRAJ,0.000044
ADVIK,0.000043
AGASTYA,0.000042
AHAN,0.000041
AHMED,0.000040
AHSAN,0.000039
AJINKYA,0.000038
AKHIL,0.000037
AKSHAT,0.000036
AKSHAY,0.000035
ALOK,0.000034
AMAN,0.000033
AMARTYA,0.000032
AMITESH,0.000031
ANAY,0.000030
ANIK,0.000029
ANIRUDH,0.000028
ANISH,0.000027
ANJANEY,0.000026
ANMOL,0.000025
ANSH,0.000024
ANSHUL,0.000023
ANUJ,0.000022
ARHAAN,0.000021
ARHAT,0.000020
ARIN,0.000019
ARNAV,0.000018
ARPAN,0.000017
ARYA,0.000016
ARYAMAN,0.000015
ASIF,0.000014
ASIM,0.000013
ATUL,0.000012
AVIK,0.000011
AVINASH,0.000010
AYAN,0.000009
AYUSH,0.000008
BADAL,0.000007
BALDEV,0.000006
BALRAJ,0.000006
BASANT,0.000005
BASU,0.000005
BHAGAT,0.000004
BHANU,0.000004
BHARAT,0.000004
BHARGAV,0.000003
BHASKAR,0.000003
BHAVESH,0.000003
BHOOMIT,0.000003
BIBEK,0.000003
BIJOY,0.000003
BIMAL,0.000002
BIPIN,0.000002
BIREN,0.000002
BISHAL,0.000002
BRAHMA,0.000002
BRIJESH,0.000002
CHANDAN,0.000002
CHANDRA,0.000002
CHARAN,0.000002
CHETAN,0.000002
CHIRAG,0.000002
DANISH,0.000002
DARSH,0.000002
DEV,0.000002
DEVANSH,0.000002
DEVENDRA,0.000002
DHRUV,0.000002
DILIP,0.000002
DIPESH,0.000002
DIPAK,0.000002
DIPU,0.000002
DURGESH,0.000002
EKNATH,0.000002
FAIZAL,0.000002
FARHAN,0.000002
FARZAN,0.000002
GAGAN,0.000002
GIRISH,0.000002
GOVIND,0.000002
GULSHAN,0.000002
GURMEET,0.000002
GURPREET,0.000002
GURJIT,0.000002
GURDEEP,0.000002
HARI,0.000002
HARIKRISHNA,0.000002
HARIPRASAD,0.000002
HARMEET,0.000002
HARMAN,0.000002
HARPREET,0.000002
HARDEEP,0.000002
HEMANT,0.000002
HIMANSHU,0.000002
HITESH,0.000002
HUSSAIN,0.000002
INDER,0.000002
INDRAJIT,0.000002
IQBAL,0.000002
IRFAN,0.000002
ISHAN,0.000002
JAGAN,0.000002
JASPREET,0.000002
JASKARAN,0.000002
JASWINDER,0.000002
JATIN,0.000002
JEET,0.000002
JEEVAN,0.000002
JIGNESH,0.000002
JITAN,0.000002
KABIR,0.000002
KAMAL,0.000002
KAMLESH,0.000002
KANHAIYA,0.000002
KAPIL,0.000002
KARTIK,0.000002
KARTIKEYA,0.000002
KIRAN,0.000002
KISHAN,0.000002
KISHORE,0.000002
KRITIN,0.000002
LAKSHMAN,0.000002
LAKSHYA,0.000002
LAXMAN,0.000002
MADHAV,0.000002
MAHAVEER,0.000002
MAHENDRA,0.000002
MANOJ,0.000002
MAYANK,0.000002
MOHAN,0.000002
MONTY,0.000002
MUKUL,0.000002
NAGESH,0.000002
NANDAN,0.000002
NAVDEEP,0.000002
NAVIN,0.000002
NIKHIL,0.000002
NILESH,0.000002
NIRAJ,0.000002
NIRMAL,0.000002
NISHANT,0.000002
OMKAR,0.000002
PARTH,0.000002
PAWAN,0.000002
PRABHAT,0.000002
PRABHU,0.000002
PRADHAN,0.000002
PRADYUMAN,0.000002
PRAMOD,0.000002
PRANAY,0.000002
PRANESH,0.000002
PRASHAN,0.000002
PRASHANTH,0.000002
PRATIK,0.000002
PREM,0.000002
PUNEET,0.000002
PUNIT,0.000002
RAJDEEP,0.000002
RAJENDRA,0.000002
RAJKUMAR,0.000002
RAJNEESH,0.000002
RAJNISH,0.000002
RAJU,0.000002
RANBIR,0.000002
RANJIT,0.000002
RAVIKUMAR,0.000002
RAYAN,0.000002
REHAN,0.000002
RISHAB,0.000002
RITVIK,0.000002
RITWIK,0.000002
RIZWAN,0.000002
ROHAN,0.000002
RONIT,0.000002
SAI,0.000002
SAIRAM,0.000002
SAJJAD,0.000002
SAMAR,0.000002
SAMIR,0.000002
SANJAY,0.000002
SANJEEV,0.000002
SANJIT,0.000002
SARAN,0.000002
SARFARAZ,0.000002
SARTHAK,0.000002
SATISH,0.000002
SAYAN,0.000002
SHAAN,0.000002
SHAHID,0.000002
SHAILESH,0.000002
SHAKTI,0.000002
SHAM,0.000002
SHAMIT,0.000002
SHANTANU,0.000002
SHARAD,0.000002
SHARAN,0.000002
SHARATH,0.000002
SHASHI,0.000002
SHIVANSH,0.000002
SHIVENDRA,0.000002
SHIVRAJ,0.000002
SHLOK,0.000002
SHOAIB,0.000002
SHREY,0.000002
SHREYANSH,0.000002
SHUBH,0.000002
SIDHARTH,0.000002
SIDDHARTH,0.000002
SIDDHESH,0.000002
SIDDHANT,0.000002
SOHAM,0.000002
SONU,0.000002
SOURABH,0.000002
SUDHIR,0.000002
SUKHDEEP,0.000002
SUMAN,0.000002
SUMESH,0.000002
SUNNY,0.000002
SURAJ,0.000002
SURENDRA,0.000002
SURYAKANT,0.000002
SURYAPRAKASH,0.000002
TANAY,0.000002
TANMAY,0.000002
TEJAS,0.000002
TUSHAR,0.000002
UDAY,0.000002
UMESH,0.000002
UTKARSH,0.000002
VARUN,0.000002
VEER,0.000002
VEERESH,0.000002
VEERENDRA,0.000002
VENU,0.000002
VIBHAS,0.000002
VICKY,0.000002
VIDYUT,0.000002
VIGNESH,0.000002
VIKRAM,0.000002
VINAYAK,0.000002
VINOD,0.000002
VIREN,0.000002
VISHESH,0.000002
YADAV,0.000002
YASH,0.000002
YASHWANT,0.000002
YOGANAND,0.000002
ZUBAIR,0.000002
