JAMES,0.03691
JOHN,0.01845
MICHAEL,0.0123
WILLIAM,0.00923
THOMAS,0.00738
ROBERT,0.00615
JOSEPH,0.00527
DAVID,0.00461
EDWARD,0.00411
LEE,0.00369
CHARLES,0.00337
ALEXANDER,0.0031
CHRISTOPHER,0.00288
DANIEL,0.00269
PAUL,0.00252
ANTHONY,0.00237
ANDREW,0.00224
SCOTT,0.00212
MATTHEW,0.00201
RAY,0.00192
MARK,0.00184
ALLEN,0.00176
LUKE,0.00169
HENRY,0.00163
SAMUEL,0.00157
PETER,0.00152
GEORGE,0.00147
EVAN,0.00142
GRANT,0.00138
SHANE,0.00134
DEAN,0.0013
COLE,0.00127
BLAKE,0.00123
NOAH,0.0012
KYLE,0.00117
REID,0.00114
JOEL,0.00111
PATRICK,0.00108
STEPHEN,0.00106
BRIAN,0.00103
MITCHELL,0.00101
CLARK,0.00098
JUDE,0.00096
OWEN,0.00094
ELI,0.00092
CALEB,0.0009
LOGAN,0.00088
WYATT,0.00086
HUNTER,0.00084
CHASE,0.00082
MILES,0.0008
GRAHAM,0.00079
WADE,0.00077
TATE,0.00075
GRANT,0.00074
BRETT,0.00072
HEATH,0.00071
TROY,0.00069
NEIL,0.00068
SHAWN,0.00066
CRAIG,0.00065
LOUIS,0.00064
WARREN,0.00062
BROCK,0.00061
TRENT,0.0006
ZANE,0.00059
DREW,0.00058
REESE,0.00057
HAYES,0.00056
BEAU,0.00055
RHYS,0.00054
SETH,0.00053
JACE,0.00052
KNOX,0.00051
FORD,0.0005
CASH,0.00049
LANE,0.00048
TREY,0.00047
CADE,0.00046
FINN,0.00045
JETT,0.00044
NASH,0.00044
CRUZ,0.00043
WELLS,0.00042
BOONE,0.00041
RHODES,0.00041
HOLT,0.0004
GAGE,0.00039
VANCE,0.00039
ROY,0.00038
SAUL,0.00037
AMES,0.00037
BRAM,0.00036
JULES,0.00036
PENN,0.00035
REIGN,0.00035
KAI,0.00034
ZION,0.00034
ARLO,0.00033
KANE,0.00033
REID,0.00032
CIAN,0.00032
TOBIAS,0.00031
SILAS,0.00031
ASHER,0.0003
JONAS,0.0003
CYRUS,0.00029
ATLAS,0.00029
RONAN,0.00028
ENZO,0.00028
MILO,0.00027
SOREN,0.00027
HARRIS,0.00026
BISHOP,0.00026
THANE,0.00025
BLAINE,0.00025
REEVE,0.00024
COVE,0.00024
FROST,0.00023
HALE,0.00023
VAUGHN,0.00022
PIERCE,0.00022
CLIVE,0.00021
BRETT,0.00021
CLYDE,0.0002
WILEY,0.0002
ALDEN,0.00019
CALLUM,0.00019
RHETT,0.00018
STELLAN,0.00018
BODEN,0.00017
CAIRO,0.00017
TORIN,0.00017
ANSEL,0.00016
LEIF,0.00016
CEDAR,0.00015
HUXLEY,0.00015
BRIAR,0.00015
CULLEN,0.00014
SAXON,0.00014
WILDER,0.00014
BENSON,0.00013
ARDEN,0.00013
FLETCHER,0.00013
BRAMWELL,0.00012
CROSBY,0.00012
THATCHER,0.00012
ZED,0.00011
RIDGE,0.00011
HARLAN,0.00011
AXTON,0.0001
CANYON,0.0001
ROOK,0.0001
VALE,0.0001
ONYX,0.00009
SLATE,0.00009
ARROW,0.00009
HARBOR,0.00009
COBALT,0.00008
RANGER,0.00008
COVE,0.00008
AXEL,0.00008
BANE,0.00007
STORM,0.00007
WOLF,0.00007
CAIRN,0.00007
FLINT,0.00006
STONE,0.00006
HAWK,0.00006
RIDGEWAY,0.00006
CAIRNE,0.00005
BRECK,0.00005
RIVEN,0.00005
CORT,0.00005
LORNE,0.00005
VAIL,0.00004
SOREN,0.00004
TOR,0.00004
RUNE,0.00004
JORN,0.00004
CAIRNE,0.00004
LYNX,0.00003
THORN,0.00003
ZEPHYR,0.00003
COVEAN,0.00003
RIVENN,0.00003
AREN,0.00003
CAIRON,0.00003
TORREN,0.00003
EERO,0.00002
VERO,0.00002
SORENNE,0.00002
ARION,0.00002
THERON,0.00002
ORRIN,0.00002
CAELUM,0.00002
AERON,0.00002
RION,0.00002
TORIEL,0.00002
LIRON,0.00002
ARENNE,0.00002
CAIRIS,0.00002
RORAN,0.00002
TORLAN,0.00002
EAMON,0.00002
VAREK,0.00002
SORENEL,0.00002
ARIC,0.00002
THALEN,0.00002
ORRICK,0.00002
CAELIS,0.00002
ARENOR,0.00002
RIVENOR,0.00002
TORVIK,0.00002
ELDRIC,0.00002
VARRON,0.00002
SORREL,0.00002
ARDENN,0.00002
THORIN,0.00002
ORREN,0.00002
CAEDMON,0.00002
AERONIS,0.00002
RIONEL,0.00002
TORRENNE,0.00002
ELDAN,0.00002
VARRO,0.00002
SOREL,0.00002
ARISTON,0.00002
THEROS,0.00002
ORRIS,0.00002
CAELUS,0.00002
ARENIUS,0.00002
ROVIK,0.00002
TORREL,0.00002
ELDRIN,0.00002
VAREKIS,0.00002
SORENSON,0.00002
ARVYN,0.00002
THAROS,0.00002
ORRIC,0.00002
CAELAN,0.00002
ARENEL,0.00002
ROVIAN,0.00002
TORWYN,0.00002
